{"cameraMode":{"drawMode":0,"name":"Shaded","section":"Shading Mode"},"sceneLighting":false,"audioPlay":false,"sceneViewState":{"m_AlwaysRefresh":false,"showFog":true,"showSkybox":false,"showFlares":true,"showImageEffects":true,"showParticleSystems":true,"showVisualEffectGraphs":true,"m_FxEnabled":true},"in2DMode":false,"pivot":{"x":3.0642387866973879,"y":1.6259593963623047,"z":0.6335722804069519},"rotation":{"x":0.08138053119182587,"y":-0.9095248579978943,"z":0.2142905741930008,"w":0.3467399477958679},"size":2.0436341762542726,"orthographic":false}